telefone,nome
+55 (41) 9287-7450,Opela
+55 (41) 9287-7450,Otcom
+55 (41) 9287-7450,Vagram
+55 (41) 9287-7450,Trippledex
+55 (41) 9287-7450,Alphazap
+55 (41) 9287-7450,Regrant
+55 (41) 9287-7450,Cookley
+55 (41) 9287-7450,Stringtough
+55 (41) 9287-7450,Home Ing
+55 (41) 9287-7450,Tin
+55 (41) 9287-7450,Opela
+55 (41) 9287-7450,Otcom
+55 (41) 9287-7450,Vagram
+55 (41) 9287-7450,Trippledex
+55 (41) 9287-7450,Alphazap
+55 (41) 9287-7450,Regrant
+55 (41) 9287-7450,Cookley
+55 (41) 9287-7450,Stringtough
+55 (41) 9287-7450,Home Ing
+55 (41) 9287-7450,Tin
